Index,Verbatim,Name,Start,End,OddsLog10,Cardinality,AnnotNomenType,WordsBefore,WordsAfter,VerifMatchType,VerifEditDistance,VerifMatchedName,VerifMatchedCanonical,VerifTaxonId,VerifDataSourceId,VerifDataSourceTitle,VerifClassificationPath,VerifError
0,,Acetobacter aceti,37204,37221,8.35,2,,,,Exact,0,"Acetobacter aceti (Pasteur, 1864) Beijerinck, 1898",Acetobacter aceti,95BQ,1,Catalogue of Life,Biota|Bacteria|Negibacteria|Proteobacteria|Alphaproteobacteria|Rhodospirillales|Acetobacteraceae|Acetobacter|Acetobacter aceti,
1,,Acetobacter indonesiensis,37222,37247,9.81,2,,,,Exact,0,"Acetobacter indonesiensis Lisdiyanti et al., 2001",Acetobacter indonesiensis,95C2,1,Catalogue of Life,Biota|Bacteria|Negibacteria|Proteobacteria|Alphaproteobacteria|Rhodospirillales|Acetobacteraceae|Acetobacter|Acetobacter indonesiensis,
2,,Acetobacter pasteurianus,37248,37272,10.57,2,,,,Exact,0,"Acetobacter pasteurianus (Hansen, 1879) Beijerinck & Folpmers, 1916",Acetobacter pasteurianus,95CD,1,Catalogue of Life,Biota|Bacteria|Negibacteria|Proteobacteria|Alphaproteobacteria|Rhodospirillales|Acetobacteraceae|Acetobacter|Acetobacter pasteurianus,
3,,Acetobacteraceae,1293,1309,4.84,1,,,,Exact,0,"Acetobacteraceae (ex Henrici, 1939) Gillis & De Ley, 1980",Acetobacteraceae,622R7,1,Catalogue of Life,Biota|Bacteria|Negibacteria|Proteobacteria|Alphaproteobacteria|Rhodospirillales|Acetobacteraceae,
4,,Acetobacterium,37301,37315,5.70,1,,,,Exact,0,"Acetobacterium Balch et al., 1977",Acetobacterium,MNG,1,Catalogue of Life,Biota|Bacteria|Posibacteria|Firmicutes|Clostridia|Clostridiales|Eubacteriaceae|Acetobacterium,
5,,Acetobacterium halotolerans,37273,37300,11.80,2,,,,Exact,0,Acetobacterium halotolerans,Acetobacterium halotolerans,98920960,169,uBio NameBank,|Acetobacterium halotolerans,
6,,Acidimicrobium,37327,37341,5.70,1,,,,Exact,0,"Acidimicrobium Clark & Norris, 1996",Acidimicrobium,MWJ,1,Catalogue of Life,Biota|Bacteria|Posibacteria|Actinobacteria|Actinobacteria|Acidimicrobidae|Acidimicrobiales|Acidimicrobineae|Acidimicrobiaceae|Acidimicrobium,
7,,Acidiphilium,37352,37364,5.70,1,,,,Exact,0,"Acidiphilium Harrison, 1981",Acidiphilium,urn:lsid:irmng.org:taxname:1090949,181,IRMNG,Biota|Bacteria|Proteobacteria|Alphaproteobacteria|Rhodospirillales|Acetobacteraceae|Acidiphilium,
8,,Acidisphaera,39340,39352,5.88,1,,,,Exact,0,"Acidisphaera Hiraishi et al., 2000",Acidisphaera,MWQ,1,Catalogue of Life,Biota|Bacteria|Negibacteria|Proteobacteria|Alphaproteobacteria|Rhodospirillales|Acetobacteraceae|Acidisphaera,
9,,Acidobacteria,1253,1267,4.59,1,,,,Exact,0,"Acidobacteria Thrash & Coates, 2012",Acidobacteria,622BG,1,Catalogue of Life,Biota|Bacteria|Negibacteria|Acidobacteria,
10,,Acidobacteriaceae,21938,21956,4.82,1,,,,Exact,0,"Acidobacteriaceae Thrash & Coates, 2012",Acidobacteriaceae,5XF,1,Catalogue of Life,Biota|Bacteria|Negibacteria|Acidobacteria|Acidobacteriales|Acidobacteriaceae,
11,,Acidobacterium,39508,39522,5.70,1,,,,Exact,0,"Acidobacterium Kishimoto et al., 1991",Acidobacterium,MWV,1,Catalogue of Life,Biota|Bacteria|Negibacteria|Acidobacteria|Acidobacteriales|Acidobacteriaceae|Acidobacterium,
12,,Acidomonas methanolica,37578,37600,12.17,2,,,,Exact,0,"Acidomonas methanolica (Uhlig et al., 1986) Urakami et al., 1989 emend. Yamashita et al., 2004",Acidomonas methanolica,958746,3,ITIS,Bacteria|Negibacteria|Proteobacteria|Alphaproteobacteria|Rhodospirillales|Acetobacteraceae|Acidomonas|Acidomonas methanolica,
13,,Actinobacterium,37601,37616,6.20,1,,,,Exact,0,Actinobacterium,Actinobacterium,urn:lsid:irmng.org:taxname:1106730,181,IRMNG,Biota|Bacteria|Actinobacteria|Actinobacteria|Actinomycetales|Actinomycetaceae|Actinomyces,
14,,Actinomyces,35130,35141,3.76,1,,,,Exact,0,"Actinomyces Harz, 1877",Actinomyces,NQH,1,Catalogue of Life,Biota|Bacteria|Posibacteria|Actinobacteria|Actinobacteridae|Actinomycetales|Actinomycineae|Actinomycetaceae|Actinomyces,
15,,Actinomyces georgiae,35066,35086,10.89,2,,,,Exact,0,"Actinomyces georgiae Johnson et al., 1990",Actinomyces georgiae,64Q7X,1,Catalogue of Life,Biota|Bacteria|Posibacteria|Actinobacteria|Actinobacteridae|Actinomycetales|Actinomycineae|Actinomycetaceae|Actinomyces|Actinomyces georgiae,
16,,Actinomyces naeslundii,35087,35109,10.89,2,,,,Exact,0,"Actinomyces naeslundii Thompson & Lovestedt, 1951 emend. Henssge et al., 2009 emend. Henssge & al. , 2009",Actinomyces naeslundii,64Q8C,1,Catalogue of Life,Biota|Bacteria|Posibacteria|Actinobacteria|Actinobacteridae|Actinomycetales|Actinomycineae|Actinomycetaceae|Actinomyces|Actinomyces naeslundii,
17,,Actinomyces oricola,35110,35129,10.82,2,,,,Exact,0,"Actinomyces oricola Hall et al., 2003",Actinomyces oricola,64PVG,1,Catalogue of Life,Biota|Bacteria|Posibacteria|Actinobacteria|Actinobacteridae|Actinomycetales|Actinomycineae|Actinomycetaceae|Actinomyces|Actinomyces oricola,
18,,Afipia broomeae,45061,45076,10.31,2,,,,Exact,0,"Afipia broomeae Brenner et al., 1992",Afipia broomeae,65DSR,1,Catalogue of Life,Biota|Bacteria|Negibacteria|Proteobacteria|Alphaproteobacteria|Rhizobiales|Bradyrhizobiaceae|Afipia|Afipia broomeae,
19,,Afipia felis,45077,45089,10.68,2,,,,Exact,0,"Afipia felis Brenner et al., 1992",Afipia felis,65DSS,1,Catalogue of Life,Biota|Bacteria|Negibacteria|Proteobacteria|Alphaproteobacteria|Rhizobiales|Bradyrhizobiaceae|Afipia|Afipia felis,
20,,Agrobacterium tumefaciens,35167,35192,12.73,2,,,,Exact,0,"Agrobacterium tumefaciens (Smith & Townsend, 1907) Conn, 1942",Agrobacterium tumefaciens,65TS8,1,Catalogue of Life,Biota|Bacteria|Negibacteria|Proteobacteria|Alphaproteobacteria|Rhizobiales|Rhizobiaceae|Rhizobium|Rhizobium radiobacter,
21,,Alphaproteobacteria,1852,1872,5.06,1,,,,Exact,0,"Alphaproteobacteria Garrity et al., 2006",Alphaproteobacteria,7H,1,Catalogue of Life,Biota|Bacteria|Negibacteria|Proteobacteria|Alphaproteobacteria,
22,,Ancylobacter aquaticus,45090,45112,10.58,2,,,,Exact,0,"Ancylobacter aquaticus (Orskov, 1928) Raj, 1983",Ancylobacter aquaticus,DNLX,1,Catalogue of Life,Biota|Bacteria|Negibacteria|Proteobacteria|Alphaproteobacteria|Rhizobiales|Xanthobacteraceae|Ancylobacter|Ancylobacter aquaticus,
23,,Angulomicrobium,45113,45128,6.20,1,,,,Exact,0,"Angulomicrobium Vasil'eva et al., 1986",Angulomicrobium,62C57,1,Catalogue of Life,Biota|Bacteria|Negibacteria|Proteobacteria|Alphaproteobacteria|Rhizobiales|Hyphomicrobiaceae|Angulomicrobium,
24,,Arabidopsis thaliana,38523,38543,12.06,2,,,,Exact,0,Arabidopsis thaliana (L.) Heynh.,Arabidopsis thaliana,G26R,1,Catalogue of Life,Biota|Plantae|Tracheophyta|Magnoliopsida|Brassicales|Brassicaceae|Arabidopsis|Arabidopsis thaliana,
25,,Asterochloris,8671,8684,3.69,1,,,,Exact,0,"Asterochloris Tschermak-Woess, 1980",Asterochloris,urn:lsid:marinespecies.org:taxname:601375,9,WoRMS,Biota|Plantae|Viridiplantae|Chlorophyta|Chlorophytina|Trebouxiophyceae|Trebouxiales|Trebouxiaceae|Asterochloris,
26,,Azorhizobium caulinodans,45140,45164,11.95,2,,,,Exact,0,"Azorhizobium caulinodans Dreyfus et al., 1988",Azorhizobium caulinodans,K5VF,1,Catalogue of Life,Biota|Bacteria|Negibacteria|Proteobacteria|Alphaproteobacteria|Rhizobiales|Xanthobacteraceae|Azorhizobium|Azorhizobium caulinodans,
27,,Bacillus licheniformis,35193,35215,12.23,2,,,,Exact,0,"Bacillus licheniformis (Weigmann, 1898) Chester, 1901",Bacillus licheniformis,K8T9,1,Catalogue of Life,Biota|Bacteria|Posibacteria|Firmicutes|Bacilli|Bacillales|Bacillaceae|Bacillus|Bacillus licheniformis,
28,,Bacillus subtilis,35216,35233,12.67,2,,,,Exact,0,"Bacillus subtilis (Ehrenberg, 1835) Cohn, 1872",Bacillus subtilis,K8WV,1,Catalogue of Life,Biota|Bacteria|Posibacteria|Firmicutes|Bacilli|Bacillales|Bacillaceae|Bacillus|Bacillus subtilis,
29,,Bacteroidetes,35349,35362,2.57,1,,,,Exact,0,"Bacteroidetes Krieg et al., 2012",Bacteroidetes,622B8,1,Catalogue of Life,Biota|Bacteria|Negibacteria|Bacteroidetes,
30,,Bartonella bacilliformis,45173,45197,12.61,2,,,,Exact,0,"Bartonella bacilliformis (Strong et al., 1913) Strong et al., 1915",Bartonella bacilliformis,KSQH,1,Catalogue of Life,Biota|Bacteria|Negibacteria|Proteobacteria|Alphaproteobacteria|Rhizobiales|Bartonellaceae|Bartonella|Bartonella bacilliformis,
31,,Beijerinckia,28455,28468,5.02,1,,,,Exact,0,"Beijerinckia Derx, 1950",Beijerinckia,396P,1,Catalogue of Life,Biota|Bacteria|Negibacteria|Proteobacteria|Alphaproteobacteria|Rhizobiales|Beijerinckiaceae|Beijerinckia,
32,,Beijerinckia derxii,35378,35397,10.69,2,,,,Exact,0,"Beijerinckia derxii Tchan, 1957",Beijerinckia derxii,68FJ4,1,Catalogue of Life,Biota|Bacteria|Negibacteria|Proteobacteria|Alphaproteobacteria|Rhizobiales|Beijerinckiaceae|Beijerinckia|Beijerinckia derxii,
33,,Beijerinckia derxii subsp. derxii,35398,35431,17.75,3,,,,Exact,0,"Beijerinckia derxii subsp. derxii Tchan, 1957",Beijerinckia derxii derxii,7JFDJ,1,Catalogue of Life,Biota|Bacteria|Negibacteria|Proteobacteria|Alphaproteobacteria|Rhizobiales|Beijerinckiaceae|Beijerinckia|Beijerinckia derxii|Beijerinckia derxii derxii,
34,,Beijerinckia indica,35432,35451,12.23,2,,,,Exact,0,"Beijerinckia indica (Starkey & De, 1939) Derx, 1950",Beijerinckia indica,L92D,1,Catalogue of Life,Biota|Bacteria|Negibacteria|Proteobacteria|Alphaproteobacteria|Rhizobiales|Beijerinckiaceae|Beijerinckia|Beijerinckia indica,
35,,Beijerinckiaceae,23783,23800,4.84,1,,,,Exact,0,"Beijerinckiaceae Garrity et al., 2006",Beijerinckiaceae,75J,1,Catalogue of Life,Biota|Bacteria|Negibacteria|Proteobacteria|Alphaproteobacteria|Rhizobiales|Beijerinckiaceae,
36,,Blastobacter denitrificans,45238,45264,9.29,2,,,,Exact,0,"Blastobacter denitrificans Hirsch & Müller, 1986",Blastobacter denitrificans,M2CM,1,Catalogue of Life,Biota|Bacteria|Negibacteria|Proteobacteria|Alphaproteobacteria|Rhizobiales|Bradyrhizobiaceae|Bradyrhizobium|Bradyrhizobium denitrificans,
37,,Blastochloris sulfoviridis,45265,45291,10.89,2,,,,Exact,0,"Blastochloris sulfoviridis (Keppen & Gorlenko, 1975) Hiraishi, 1997",Blastochloris sulfoviridis,M2J8,1,Catalogue of Life,Biota|Bacteria|Negibacteria|Proteobacteria|Alphaproteobacteria|Rhizobiales|Hyphomicrobiaceae|Blastochloris|Blastochloris sulfoviridis,
38,,Blastochloris viridis,45300,45321,10.47,2,,,,Exact,0,"Blastochloris viridis (Drews & Giesbrecht, 1966) Hiraishi, 1997",Blastochloris viridis,M2J9,1,Catalogue of Life,Biota|Bacteria|Negibacteria|Proteobacteria|Alphaproteobacteria|Rhizobiales|Hyphomicrobiaceae|Blastochloris|Blastochloris viridis,
39,,Bosea thiooxidans,45330,45347,9.50,2,,,,Exact,0,"Bosea thiooxidans Das et al., 1996",Bosea thiooxidans,68P25,1,Catalogue of Life,Biota|Bacteria|Negibacteria|Proteobacteria|Alphaproteobacteria|Rhizobiales|Bradyrhizobiaceae|Bosea|Bosea thiooxidans,
40,,Bradyrhizobium,35475,35489,5.70,1,,,,Exact,0,"Bradyrhizobium Jordan, 1982",Bradyrhizobium,3CR4,1,Catalogue of Life,Biota|Bacteria|Negibacteria|Proteobacteria|Alphaproteobacteria|Rhizobiales|Bradyrhizobiaceae|Bradyrhizobium,
41,,Bradyrhizobium elkanii,35452,35474,12.93,2,,,,Exact,0,"Bradyrhizobium elkanii Kuykendall et al., 1993",Bradyrhizobium elkanii,6942Z,1,Catalogue of Life,Biota|Bacteria|Negibacteria|Proteobacteria|Alphaproteobacteria|Rhizobiales|Bradyrhizobiaceae|Bradyrhizobium|Bradyrhizobium elkanii,
42,,Bradyrhizobium japonicum,45371,45395,9.36,2,,,,Exact,0,"Bradyrhizobium japonicum (Kirchner, 1896) Jordan, 1982",Bradyrhizobium japonicum,N5FG,1,Catalogue of Life,Biota|Bacteria|Negibacteria|Proteobacteria|Alphaproteobacteria|Rhizobiales|Bradyrhizobiaceae|Bradyrhizobium|Bradyrhizobium japonicum,
43,,Bradyrhizobium lupini,45396,45417,11.94,2,,,,Exact,0,Bradyrhizobium lupini,Bradyrhizobium lupini,47181853,12,EOL,,
44,,Brucella melitensis,45418,45437,11.66,2,,,,Exact,0,"Brucella melitensis (Hughes, 1893) Meyer and Shaw, 1920 emend. Verger et al., 1985",Brucella melitensis,960160,3,ITIS,Bacteria|Negibacteria|Proteobacteria|Alphaproteobacteria|Rhizobiales|Brucellaceae|Brucella|Brucella melitensis,
45,,Brucellaceae,1314,1327,4.55,1,,,,Exact,0,"Brucellaceae Breed et al., 1957",Brucellaceae,622H6,1,Catalogue of Life,Biota|Bacteria|Negibacteria|Proteobacteria|Alphaproteobacteria|Rhizobiales|Brucellaceae,
46,,Burkholderia caledonica,35500,35523,13.03,2,,,,Exact,0,"Burkholderia caledonica Coenye et al., 2001",Burkholderia caledonica,NXH4,1,Catalogue of Life,Biota|Bacteria|Negibacteria|Proteobacteria|Betaproteobacteria|Burkholderiales|Burkholderiaceae|Burkholderia|Burkholderia caledonica,
47,,Burkholderia caribensis,35524,35547,11.96,2,,,,Exact,0,"Burkholderia caribensis Achouak et al., 1999",Burkholderia caribensis,NXH5,1,Catalogue of Life,Biota|Bacteria|Negibacteria|Proteobacteria|Betaproteobacteria|Burkholderiales|Burkholderiaceae|Burkholderia|Burkholderia caribensis,
48,,Burkholderia fungorum,35548,35569,8.88,2,,,,Exact,0,"Burkholderia fungorum Coenye et al., 2001",Burkholderia fungorum,NXHF,1,Catalogue of Life,Biota|Bacteria|Negibacteria|Proteobacteria|Betaproteobacteria|Burkholderiales|Burkholderiaceae|Burkholderia|Burkholderia fungorum,
49,,Burkholderia gladioli,35570,35591,10.96,2,,,,Exact,0,"Burkholderia gladioli (Severini, 1913) Yabuuchi et al., 1993",Burkholderia gladioli,NXHH,1,Catalogue of Life,Biota|Bacteria|Negibacteria|Proteobacteria|Betaproteobacteria|Burkholderiales|Burkholderiaceae|Burkholderia|Burkholderia gladioli,
50,,Burkholderia vietnamiensis,35592,35618,12.12,2,,,,Exact,0,"Burkholderia vietnamiensis Gillis et al., 1995",Burkholderia vietnamiensis,NXJW,1,Catalogue of Life,Biota|Bacteria|Negibacteria|Proteobacteria|Betaproteobacteria|Burkholderiales|Burkholderiaceae|Burkholderia|Burkholderia vietnamiensis,
51,,C. cryptochlorophaea,9250,9270,7.23,2,,,,NoMatch,,,,,,,,
52,,C. peziziformis,9306,9321,6.86,2,,,,NoMatch,,,,,,,,
53,,C. subtenuis,9330,9342,5.90,2,,,,NoMatch,,,,,,,,
54,,Caulobacter vibrioides,35650,35672,9.84,2,,,,Exact,0,"Caulobacter vibrioides Henrici & Johnson, 1935",Caulobacter vibrioides,RX97,1,Catalogue of Life,Biota|Bacteria|Negibacteria|Proteobacteria|Alphaproteobacteria|Caulobacterales|Caulobacteraceae|Caulobacter|Caulobacter vibrioides,
55,,Chelatococcus asaccharovorans,45442,45471,11.18,2,,,,Exact,0,"Chelatococcus asaccharovorans Auling et al., 1993",Chelatococcus asaccharovorans,69R6L,1,Catalogue of Life,Biota|Bacteria|Negibacteria|Proteobacteria|Alphaproteobacteria|Rhizobiales|Beijerinckiaceae|Chelatococcus|Chelatococcus asaccharovorans,
56,,Cladonia,8719,8727,3.85,1,,,,Exact,0,Cladonia,Cladonia,62LF9,1,Catalogue of Life,Biota|Fungi|Ascomycota|Lecanoromycetes|Lecanorales|Cladoniaceae|Cladonia,
57,,Cladonia arbuscula,23388,23407,10.72,2,,,,Exact,0,Cladonia arbuscula (Wallr.) Flot.,Cladonia arbuscula,5YWCX,1,Catalogue of Life,Biota|Fungi|Ascomycota|Lecanoromycetes|Lecanorales|Cladoniaceae|Cladonia|Cladonia arbuscula|Cladonia arbuscula arbuscula,
58,,Cladonia cristatella,9205,9225,11.58,2,,,,Exact,0,Cladonia cristatella Tuck. 1858,Cladonia cristatella,382813,5,Index Fungorum,Fungi|Ascomycota|Lecanoromycetes|Lecanorales|Cladoniaceae|Cladonia cristatella,
59,,Cladonia cryptochlorophaea,41293,41319,11.49,2,,,,Exact,0,Cladonia cryptochlorophaea Asahina,Cladonia cryptochlorophaea,5YWDT,1,Catalogue of Life,Biota|Fungi|Ascomycota|Lecanoromycetes|Lecanorales|Cladoniaceae|Cladonia|Cladonia cryptochlorophaea,
60,,Cladonia peziziformis,41205,41226,11.11,2,,,,Exact,0,Cladonia peziziformis (With.) J.R. Laundon,Cladonia peziziformis,VPK5,1,Catalogue of Life,Biota|Fungi|Ascomycota|Lecanoromycetes|Lecanorales|Cladoniaceae|Cladonia|Cladonia peziziformis,
61,,Cladonia subtenuis,41354,41372,10.16,2,,,,Exact,0,Cladonia subtenuis (Abbayes) Mattick 1940,Cladonia subtenuis,543043,5,Index Fungorum,Fungi|Ascomycota|Lecanoromycetes|Lecanorales|Cladoniaceae|Cladonia subtenuis,
62,,Clostridium acetobutylicum,35673,35699,12.84,2,,,,Exact,0,"Clostridium acetobutylicum McCoy et al., 1926 emend. Keis et al., 2001",Clostridium acetobutylicum,960726,3,ITIS,Bacteria|Posibacteria|Firmicutes|Clostridia|Clostridiales|Clostridiaceae|Clostridium|Clostridium acetobutylicum,
63,,Clostridium botulinum,35700,35721,12.68,2,,,,Exact,0,"Clostridium botulinum (van Ermengem, 1896) Bergey et al., 1923",Clostridium botulinum,WBL8,1,Catalogue of Life,Biota|Bacteria|Posibacteria|Firmicutes|Clostridia|Clostridiales|Clostridiaceae|Clostridium|Clostridium botulinum,
64,,Clostridium perfringens,35722,35745,12.24,2,,,,Exact,0,"Clostridium perfringens (Veillon & Zuber, 1898) Hauduroy et al., 1937",Clostridium perfringens,WBPG,1,Catalogue of Life,Biota|Bacteria|Posibacteria|Firmicutes|Clostridia|Clostridiales|Clostridiaceae|Clostridium|Clostridium perfringens,
65,,Cryptobacterium,40220,40235,6.20,1,,,,Exact,0,"Cryptobacterium Nakazawa et al., 1999",Cryptobacterium,3WG5,1,Catalogue of Life,Biota|Bacteria|Posibacteria|Actinobacteria|Coriobacteridae|Coriobacteriales|Coriobacterineae|Coriobacteriaceae|Cryptobacterium,
66,,Cryptobacterium curtum,35766,35788,13.38,2,,,,Exact,0,"Cryptobacterium curtum Nakazawa et al., 1999",Cryptobacterium curtum,6BKXY,1,Catalogue of Life,Biota|Bacteria|Posibacteria|Actinobacteria|Coriobacteridae|Coriobacteriales|Coriobacterineae|Coriobacteriaceae|Cryptobacterium|Cryptobacterium curtum,
67,,Curtobacterium flaccumfaciens pv. flaccumfaciens,35789,35837,23.18,3,,,,Exact,0,Curtobacterium flaccumfaciens pv. flaccumfaciens,Curtobacterium flaccumfaciens flaccumfaciens,33950,179,Open Tree of Life,||Bacteria|Actinobacteraeota|Actinobacteria|Micrococcales|Microbacteriaceae|Curtobacterium|Curtobacterium flaccumfaciens,
68,,Cyanobacteria,756,769,4.59,1,,,,Exact,0,"Cyanobacteria Cavalier-Smith, 2002",Cyanobacteria,3R,1,Catalogue of Life,Biota|Bacteria|Negibacteria|Cyanobacteria,
69,,Cytophaga,40247,40256,4.12,1,,,,Exact,0,Cytophaga Winogradsky 1929,Cytophaga,24120,5,Index Fungorum,,
70,,Desulfobacter postgatei,35838,35861,9.21,2,,,,Exact,0,"Desulfobacter postgatei Widdel, 1981",Desulfobacter postgatei,354LT,1,Catalogue of Life,Biota|Bacteria|Negibacteria|Proteobacteria|Deltaproteobacteria|Desulfobacterales|Desulfobacteraceae|Desulfobacter|Desulfobacter postgatei,
71,,E. coli,8855,8862,3.82,2,,,,NoMatch,,,,,,,,
72,,Enterococcus faecalis,35862,35883,12.35,2,,,,Exact,0,"Enterococcus faecalis (Andrewes & Horder, 1906) Schleifer & Kilpper-Bälz, 1984",Enterococcus faecalis,39Y25,1,Catalogue of Life,Biota|Bacteria|Posibacteria|Firmicutes|Bacilli|Lactobacillales|Enterococcaceae|Enterococcus|Enterococcus faecalis,
73,,Entomoplasma somnilux,35884,35905,9.62,2,,,,Exact,0,"Entomoplasma somnilux (Williamson et al., 1990) Tully et al., 1993",Entomoplasma somnilux,6FG49,1,Catalogue of Life,Biota|Bacteria|Posibacteria|Tenericutes|Entomoplasmatales|Entomoplasmataceae|Entomoplasma|Entomoplasma somnilux,
74,,Escherichia coli,35906,35922,9.68,2,,,,Exact,0,"Escherichia coli (Migula, 1895) Castellani & Chalmers, 1919",Escherichia coli,3BGTD,1,Catalogue of Life,Biota|Bacteria|Negibacteria|Proteobacteria|Gammaproteobacteria|Enterobacteriales|Enterobacteriaceae|Escherichia|Escherichia coli,
75,,Fibrobacter intestinalis,35923,35947,10.93,2,,,,Exact,0,"Fibrobacter intestinalis Montgomery et al., 1988",Fibrobacter intestinalis,6HV3T,1,Catalogue of Life,Biota|Bacteria|Negibacteria|Fibrobacteres|Fibrobacteria|Fibrobacterales|Fibrobacteraceae|Fibrobacter|Fibrobacter intestinalis,
76,,Fibrobacter succinogenes,35948,35972,7.96,2,,,,Exact,0,"Fibrobacter succinogenes (Hungate, 1950) Montgomery et al., 1988",Fibrobacter succinogenes,6HV45,1,Catalogue of Life,Biota|Bacteria|Negibacteria|Fibrobacteres|Fibrobacteria|Fibrobacterales|Fibrobacteraceae|Fibrobacter|Fibrobacter succinogenes,
77,,Fibrobacteres,40334,40347,3.21,1,,,,Exact,0,"Fibrobacteres Garrity & Holt, 2012",Fibrobacteres,4D,1,Catalogue of Life,Biota|Bacteria|Negibacteria|Fibrobacteres,
78,,Flavobacterium mizutaii,35973,35996,11.02,2,,,,Exact,0,"Flavobacterium mizutaii (Yabuuchi et al., 1983) Holmes et al., 1988",Flavobacterium mizutaii,6J9FD,1,Catalogue of Life,Biota|Bacteria|Negibacteria|Bacteroidetes|Sphingobacteriia|Sphingobacteriales|Sphingobacteriaceae|Sphingobacterium|Sphingobacterium mizutaii,
79,,Flavoparmelia caperata,9351,9373,14.06,2,,,,Exact,0,Flavoparmelia caperata (L.) Hale,Flavoparmelia caperata,6J9K5,1,Catalogue of Life,Biota|Fungi|Ascomycota|Lecanoromycetes|Lecanorales|Parmeliaceae|Flavoparmelia|Flavoparmelia caperata,
80,,Frankia,35997,36004,4.10,1,,,,Exact,0,"Frankia Brunchorst, 1886",Frankia,4KZK,1,Catalogue of Life,Biota|Bacteria|Posibacteria|Actinobacteria|Actinobacteridae|Actinomycetales|Frankineae|Frankiaceae|Frankia,
81,,Gammaproteobacteria,22002,22022,5.06,1,,,,Exact,0,"Gammaproteobacteria Garrity et al., 2005",Gammaproteobacteria,BQ,1,Catalogue of Life,Biota|Bacteria|Negibacteria|Proteobacteria|Gammaproteobacteria,
82,,Geothermobacterium,40402,40420,5.59,1,,,,Exact,0,Geothermobacterium,Geothermobacterium,895291,2,Wikispecies,,
83,,Geothermobacterium ferrireducens,36046,36078,12.61,2,,,,Exact,0,Geothermobacterium ferrireducens,Geothermobacterium ferrireducens,407774,179,Open Tree of Life,||Bacteria|Thermodesulfobacteria|Thermodesulfobacteria|Thermodesulfobacteriales|Thermodesulfobacteriaceae|Caldimicrobium|Geothermobacterium ferrireducens,
84,,Gluconacetobacter diazotrophicus,36079,36111,11.12,2,,,,Exact,0,"Gluconacetobacter diazotrophicus (Gillis et al., 1989) Yamada et al., 1998",Gluconacetobacter diazotrophicus,6KLDG,1,Catalogue of Life,Biota|Bacteria|Negibacteria|Proteobacteria|Alphaproteobacteria|Rhodospirillales|Acetobacteraceae|Gluconacetobacter|Gluconacetobacter diazotrophicus,
85,,Gluconacetobacter hansenii,36112,36138,10.75,2,,,,Exact,0,"Gluconacetobacter hansenii (Gosselé et al., 1983) Yamada et al., 1998 emend. Lisdiyanti et al., 2006",Gluconacetobacter hansenii,961949,3,ITIS,Bacteria|Negibacteria|Proteobacteria|Alphaproteobacteria|Rhodospirillales|Acetobacteraceae|Gluconacetobacter|Gluconacetobacter hansenii,
86,,Helicobacter pylori,36166,36185,8.57,2,,,,Exact,0,"Helicobacter pylori (Marshall et al., 1985) Goodwin et al., 1989",Helicobacter pylori,3K7WZ,1,Catalogue of Life,Biota|Bacteria|Negibacteria|Proteobacteria|Epsilonproteobacteria|Campylobacterales|Helicobacteraceae|Helicobacter|Helicobacter pylori,
87,,Holophaga,40499,40508,4.12,1,,,,Exact,0,"Holophaga Liesack et al., 1995",Holophaga,4Y2D,1,Catalogue of Life,Biota|Bacteria|Negibacteria|Acidobacteria|Holophagae|Holophagales|Holophagaceae|Holophaga,
88,,Hyphomicrobium facile subsp. tolerans,45472,45509,15.34,3,,,,Exact,0,"Hyphomicrobium facile subsp. tolerans Hirsch, 1989",Hyphomicrobium facile tolerans,5J32D,1,Catalogue of Life,Biota|Bacteria|Negibacteria|Proteobacteria|Alphaproteobacteria|Rhizobiales|Hyphomicrobiaceae|Hyphomicrobium|Hyphomicrobium facile|Hyphomicrobium facile tolerans,
89,,Hyphomicrobium hollandicum,45521,45547,13.34,2,,,,Exact,0,"Hyphomicrobium hollandicum Hirsch, 1989",Hyphomicrobium hollandicum,3NSLB,1,Catalogue of Life,Biota|Bacteria|Negibacteria|Proteobacteria|Alphaproteobacteria|Rhizobiales|Hyphomicrobiaceae|Hyphomicrobium|Hyphomicrobium hollandicum,
90,,Hyphomicrobium zavarzinii,45560,45585,13.33,2,,,,Exact,0,"Hyphomicrobium zavarzinii Hirsch, 1989",Hyphomicrobium zavarzinii,3NSLH,1,Catalogue of Life,Biota|Bacteria|Negibacteria|Proteobacteria|Alphaproteobacteria|Rhizobiales|Hyphomicrobiaceae|Hyphomicrobium|Hyphomicrobium zavarzinii,
91,,Lactobacillus johnsonii,36206,36229,13.11,2,,,,Exact,0,"Lactobacillus johnsonii Fujisawa et al., 1992",Lactobacillus johnsonii,3RSS5,1,Catalogue of Life,Biota|Bacteria|Posibacteria|Firmicutes|Bacilli|Lactobacillales|Lactobacillaceae|Lactobacillus|Lactobacillus johnsonii,
92,,Lasallia pensylvanica,9606,9627,13.13,2,,,,Exact,0,Lasallia pensylvanica (Hoffm.) Llano,Lasallia pensylvanica,3SBW3,1,Catalogue of Life,Biota|Fungi|Ascomycota|Lecanoromycetes|Umbilicariales|Umbilicariaceae|Lasallia|Lasallia pensylvanica,
93,,Lecanoromycetidae,31404,31421,5.39,1,,,,Exact,0,"Lecanoromycetidae P.M. Kirk, P.F. Cannon, J.C. David & Stalpers ex Miądl., Lutzoni & Lumbsch, 2007",Lecanoromycetidae,urn:lsid:marinespecies.org:taxname:172229,9,WoRMS,Biota|Fungi|Ascomycota|Pezizomycotina|Lecanoromycetes|Lecanoromycetidae,
94,,Legionella jamestowniensis,36230,36256,12.32,2,,,,Exact,0,"Legionella jamestowniensis Brenner et al., 1985",Legionella jamestowniensis,3SXD4,1,Catalogue of Life,Biota|Bacteria|Negibacteria|Proteobacteria|Gammaproteobacteria|Legionellales|Legionellaceae|Legionella|Legionella jamestowniensis,
95,,Lichinomycetes,2602,2618,2.58,1,,,,Exact,0,Lichinomycetes,Lichinomycetes,DT,1,Catalogue of Life,Biota|Fungi|Ascomycota|Lichinomycetes,
96,,Lobaria,37986,37993,4.24,1,,,,Exact,0,Lobaria Haw.,Lobaria,4LW,1,Catalogue of Life,Biota|Plantae|Tracheophyta|Magnoliopsida|Saxifragales|Saxifragaceae|Saxifraga,
97,,Lobaria pulmonaria,38019,38037,11.49,2,,,,Exact,0,Lobaria pulmonaria (L.) Hoffm.,Lobaria pulmonaria,3VR6N,1,Catalogue of Life,Biota|Fungi|Ascomycota|Lecanoromycetes|Peltigerales|Lobariaceae|Lobaria|Lobaria pulmonaria,
98,,Luteimonas mephitis,36257,36276,7.38,2,,,,Exact,0,"Luteimonas mephitis Finkmann et al., 2000",Luteimonas mephitis,3WG2T,1,Catalogue of Life,Biota|Bacteria|Negibacteria|Proteobacteria|Gammaproteobacteria|Xanthomonadales|Xanthomonadaceae|Luteimonas|Luteimonas mephitis,
99,,Mesorhizobium amorphae,45598,45620,11.78,2,,,,Exact,0,"Mesorhizobium amorphae Wang et al., 1999",Mesorhizobium amorphae,73BRT,1,Catalogue of Life,Biota|Bacteria|Negibacteria|Proteobacteria|Alphaproteobacteria|Rhizobiales|Phyllobacteriaceae|Mesorhizobium|Mesorhizobium amorphae,
100,,Methylobacillus,36277,36292,6.38,1,,,,Exact,0,"Methylobacillus Yordy and Weaver, 1977 emend. Urakami and Komagata, 1986",Methylobacillus,957574,3,ITIS,Bacteria|Negibacteria|Proteobacteria|Betaproteobacteria|Methylophilales|Methylophilaceae|Methylobacillus,
101,,Methylobacter,36301,36314,3.05,1,,,,Exact,0,"Methylobacter Bowman et al., 1993",Methylobacter,urn:lsid:irmng.org:taxname:1064949,181,IRMNG,Biota|Bacteria|Proteobacteria|Gammaproteobacteria|Methylococcales|Methylococcaceae|Methylobacter,
102,,Methylobacteriaceae,47930,47949,5.00,1,,,,Exact,0,"Methylobacteriaceae Garrity et al., 2006",Methylobacteriaceae,CPL,1,Catalogue of Life,Biota|Bacteria|Negibacteria|Proteobacteria|Alphaproteobacteria|Rhizobiales|Methylobacteriaceae,
103,,Methylobacterium,1359,1376,5.99,1,,,,Exact,0,"Methylobacterium Patt et al., 1976",Methylobacterium,62ZXL,1,Catalogue of Life,Biota|Bacteria|Negibacteria|Proteobacteria|Alphaproteobacteria|Rhizobiales|Methylobacteriaceae|Methylobacterium,
104,,Methylobacterium adhaesivum,45621,45648,12.68,2,,,,Exact,0,"Methylobacterium adhaesivum Gallego et al., 2006",Methylobacterium adhaesivum,6RFK3,1,Catalogue of Life,Biota|Bacteria|Negibacteria|Proteobacteria|Alphaproteobacteria|Rhizobiales|Methylobacteriaceae|Methylobacterium|Methylobacterium adhaesivum,
105,,Methylobacterium aminovorans,45659,45687,12.24,2,,,,Exact,0,"Methylobacterium aminovorans Urakami et al., 1993",Methylobacterium aminovorans,42FQC,1,Catalogue of Life,Biota|Bacteria|Negibacteria|Proteobacteria|Alphaproteobacteria|Rhizobiales|Methylobacteriaceae|Methylobacterium|Methylobacterium aminovorans,
106,,Methylobacterium aquaticum,45688,45714,13.37,2,,,,Exact,0,"Methylobacterium aquaticum Gallego et al., 2005",Methylobacterium aquaticum,42FQD,1,Catalogue of Life,Biota|Bacteria|Negibacteria|Proteobacteria|Alphaproteobacteria|Rhizobiales|Methylobacteriaceae|Methylobacterium|Methylobacterium aquaticum,
107,,Methylobacterium chloromethanicum,45715,45748,13.94,2,,,,Exact,0,"Methylobacterium chloromethanicum McDonald et al., 2001",Methylobacterium chloromethanicum,42FQH,1,Catalogue of Life,Biota|Bacteria|Negibacteria|Proteobacteria|Alphaproteobacteria|Rhizobiales|Methylobacteriaceae|Methylobacterium|Methylobacterium extorquens,
108,,Methylobacterium extorquens,45753,45780,12.86,2,,,,Exact,0,"Methylobacterium extorquens (Urakami and Komagata, 1984) Bousfield and Green, 1985 emend. Kato et al., 2008",Methylobacterium extorquens,963333,3,ITIS,Bacteria|Negibacteria|Proteobacteria|Alphaproteobacteria|Rhizobiales|Methylobacteriaceae|Methylobacterium|Methylobacterium extorquens,
109,,Methylobacterium fujisawaense,45781,45810,13.17,2,,,,Exact,0,"Methylobacterium fujisawaense Green et al., 1988",Methylobacterium fujisawaense,42FQL,1,Catalogue of Life,Biota|Bacteria|Negibacteria|Proteobacteria|Alphaproteobacteria|Rhizobiales|Methylobacteriaceae|Methylobacterium|Methylobacterium fujisawaense,
110,,Methylobacterium hispanicum,45820,45847,13.46,2,,,,Exact,0,"Methylobacterium hispanicum Gallego et al., 2005",Methylobacterium hispanicum,42FQP,1,Catalogue of Life,Biota|Bacteria|Negibacteria|Proteobacteria|Alphaproteobacteria|Rhizobiales|Methylobacteriaceae|Methylobacterium|Methylobacterium hispanicum,
111,,Methylobacterium komagatae,45848,45874,12.53,2,,,,Exact,0,"Methylobacterium komagatae Kato et al., 2008",Methylobacterium komagatae,42FQT,1,Catalogue of Life,Biota|Bacteria|Negibacteria|Proteobacteria|Alphaproteobacteria|Rhizobiales|Methylobacteriaceae|Methylobacterium|Methylobacterium komagatae,
112,,Methylobacterium lusitanum,45883,45909,13.47,2,,,,Exact,0,"Methylobacterium lusitanum Doronina et al., 2002",Methylobacterium lusitanum,42FQV,1,Catalogue of Life,Biota|Bacteria|Negibacteria|Proteobacteria|Alphaproteobacteria|Rhizobiales|Methylobacteriaceae|Methylobacterium|Methylobacterium rhodesianum,
113,,Methylobacterium mesophilicum,45910,45939,13.48,2,,,,Exact,0,"Methylobacterium mesophilicum (Austin & Goodfellow, 1979) Green & Bousfield, 1983",Methylobacterium mesophilicum,42FQX,1,Catalogue of Life,Biota|Bacteria|Negibacteria|Proteobacteria|Alphaproteobacteria|Rhizobiales|Methylobacteriaceae|Methylobacterium|Methylobacterium mesophilicum,
114,,Methylobacterium nodulans,45940,45965,11.84,2,,,,Exact,0,"Methylobacterium nodulans Jourand et al., 2004",Methylobacterium nodulans,42FQY,1,Catalogue of Life,Biota|Bacteria|Negibacteria|Proteobacteria|Alphaproteobacteria|Rhizobiales|Methylobacteriaceae|Methylobacterium|Methylobacterium nodulans,
115,,Methylobacterium organophilum,45975,46004,13.37,2,,,,Exact,0,"Methylobacterium organophilum Patt et al., 1976",Methylobacterium organophilum,42FQZ,1,Catalogue of Life,Biota|Bacteria|Negibacteria|Proteobacteria|Alphaproteobacteria|Rhizobiales|Methylobacteriaceae|Methylobacterium|Methylobacterium organophilum,
116,,Methylobacterium persicinum,46005,46032,13.56,2,,,,Exact,0,"Methylobacterium persicinum Kato et al., 2008",Methylobacterium persicinum,42FR3,1,Catalogue of Life,Biota|Bacteria|Negibacteria|Proteobacteria|Alphaproteobacteria|Rhizobiales|Methylobacteriaceae|Methylobacterium|Methylobacterium persicinum,
117,,Methylobacterium podarium,36325,36350,13.12,2,,,,Exact,0,"Methylobacterium podarium Anesti et al., 2006",Methylobacterium podarium,42FR6,1,Catalogue of Life,Biota|Bacteria|Negibacteria|Proteobacteria|Alphaproteobacteria|Rhizobiales|Methylobacteriaceae|Methylobacterium|Methylobacterium podarium,
118,,Methylobacterium populi,46689,46712,11.66,2,,,,Exact,0,"Methylobacterium populi Van Aken et al., 2004",Methylobacterium populi,42FR7,1,Catalogue of Life,Biota|Bacteria|Negibacteria|Proteobacteria|Alphaproteobacteria|Rhizobiales|Methylobacteriaceae|Methylobacterium|Methylobacterium populi,
119,,Methylobacterium radiotolerans,46719,46749,12.21,2,,,,Exact,0,"Methylobacterium radiotolerans (Ito & Iizuka, 1971) Green & Bousfield, 1983",Methylobacterium radiotolerans,42FR8,1,Catalogue of Life,Biota|Bacteria|Negibacteria|Proteobacteria|Alphaproteobacteria|Rhizobiales|Methylobacteriaceae|Methylobacterium|Methylobacterium radiotolerans,
120,,Methylobacterium rhodesianum,46759,46787,13.74,2,,,,Exact,0,"Methylobacterium rhodesianum Green et al., 1988 emend. Kato et al., 2008",Methylobacterium rhodesianum,963340,3,ITIS,Bacteria|Negibacteria|Proteobacteria|Alphaproteobacteria|Rhizobiales|Methylobacteriaceae|Methylobacterium|Methylobacterium rhodesianum,
121,,Methylobacterium rhodinum,46788,46813,13.34,2,,,,Exact,0,"Methylobacterium rhodinum (Heumann, 1962) Green & Bousfield, 1983",Methylobacterium rhodinum,6RFJQ,1,Catalogue of Life,Biota|Bacteria|Negibacteria|Proteobacteria|Alphaproteobacteria|Rhizobiales|Methylobacteriaceae|Methylobacterium|Methylobacterium rhodinum,
122,,Methylobacterium suomiense,46814,46840,13.05,2,,,,Exact,0,"Methylobacterium suomiense Doronina et al., 2002",Methylobacterium suomiense,42FRC,1,Catalogue of Life,Biota|Bacteria|Negibacteria|Proteobacteria|Alphaproteobacteria|Rhizobiales|Methylobacteriaceae|Methylobacterium|Methylobacterium suomiense,
123,,Methylobacterium thiocyanatum,46841,46870,13.85,2,,,,Exact,0,"Methylobacterium thiocyanatum Wood et al., 1999",Methylobacterium thiocyanatum,6RFK2,1,Catalogue of Life,Biota|Bacteria|Negibacteria|Proteobacteria|Alphaproteobacteria|Rhizobiales|Methylobacteriaceae|Methylobacterium|Methylobacterium thiocyanatum,
124,,Methylobacterium variabile,46871,46897,11.48,2,,,,Exact,0,"Methylobacterium variabile Gallego et al., 2005",Methylobacterium variabile,42FRF,1,Catalogue of Life,Biota|Bacteria|Negibacteria|Proteobacteria|Alphaproteobacteria|Rhizobiales|Methylobacteriaceae|Methylobacterium|Methylobacterium variabile,
125,,Methylobacterium zatmanii,46898,46923,13.40,2,,,,Exact,0,"Methylobacterium zatmanii Green et al., 1988",Methylobacterium zatmanii,42FRG,1,Catalogue of Life,Biota|Bacteria|Negibacteria|Proteobacteria|Alphaproteobacteria|Rhizobiales|Methylobacteriaceae|Methylobacterium|Methylobacterium zatmanii,
126,,Methylocapsa acidiphila,46924,46947,10.87,2,,,,Exact,0,"Methylocapsa acidiphila Dedysh et al., 2002",Methylocapsa acidiphila,42FRL,1,Catalogue of Life,Biota|Bacteria|Negibacteria|Proteobacteria|Alphaproteobacteria|Rhizobiales|Beijerinckiaceae|Methylocapsa|Methylocapsa acidiphila,
127,,Methylocella palustris,46951,46973,13.17,2,,,,Exact,0,"Methylocella palustris Dedysh et al., 2000",Methylocella palustris,42FRN,1,Catalogue of Life,Biota|Bacteria|Negibacteria|Proteobacteria|Alphaproteobacteria|Rhizobiales|Beijerinckiaceae|Methylocella|Methylocella palustris,
128,,Methylocystis echinoides,46974,46998,11.90,2,,,,Exact,0,Methylocystis echinoides,Methylocystis echinoides,528398,179,Open Tree of Life,||Bacteria|Proteobacteria|Alphaproteobacteria|Rhizobiales|Methylocystaceae|Methylocystis|Methylocystis echinoides,
129,,Methylocystis parvus,46999,47019,10.90,2,,,,Exact,0,Methylocystis parvus OBBP,Methylocystis parvus,630505,179,Open Tree of Life,||Bacteria|Proteobacteria|Alphaproteobacteria|Rhizobiales|Methylocystaceae|Methylocystis|Methylocystis parvus,
130,,Methylosinus acidophilus,47020,47044,13.77,2,,,,Exact,0,Methylosinus acidophilus,Methylosinus acidophilus,52142183,12,EOL,,
131,,Methylosinus sporium,47045,47065,12.98,2,,,,Exact,0,Methylosinus sporium,Methylosinus sporium,3221071,11,GBIF Backbone Taxonomy,Bacteria|Proteobacteria|Alphaproteobacteria|Rhizobiales|Beijerinckiaceae|Methylosinus|Methylosinus sporium,
132,,Methylosinus trichosporium,47066,47092,13.53,2,,,,Exact,0,Methylosinus trichosporium,Methylosinus trichosporium,244577,179,Open Tree of Life,||Bacteria|Proteobacteria|Alphaproteobacteria|Rhizobiales|Methylocystaceae|Methylosinus|Methylosinus trichosporium,
133,,Mycobacterium coloregonium,36351,36377,3.88,2,,,,Exact,0,Mycobacterium coloregonium,Mycobacterium coloregonium,98906642,169,uBio NameBank,|Mycobacterium coloregonium,
134,,Mycobacterium tuberculosis,36378,36404,12.21,2,,,,Exact,0,"Mycobacterium tuberculosis (Zopf, 1883) Lehmann & Neumann, 1896",Mycobacterium tuberculosis,44W74,1,Catalogue of Life,Biota|Bacteria|Posibacteria|Actinobacteria|Actinobacteridae|Actinomycetales|Corynebacterineae|Mycobacteriaceae|Mycobacterium|Mycobacterium tuberculosis,
135,,Mycoplana dimorpha,47093,47111,10.24,2,,,,Exact,0,"Mycoplana dimorpha Gray and Thornton, 1928 emend. Urakami et al., 1990",Mycoplana dimorpha,963843,3,ITIS,Bacteria|Negibacteria|Proteobacteria|Alphaproteobacteria|Rhizobiales|Brucellaceae|Mycoplana|Mycoplana dimorpha,
136,,Mycoplasma capricolum subsp. capripneumoniae,36438,36482,21.98,3,,,,Exact,0,"Mycoplasma capricolum subsp. capripneumoniae Leach et al., 1993",Mycoplasma capricolum capripneumoniae,5JSMK,1,Catalogue of Life,Biota|Bacteria|Posibacteria|Tenericutes|Mycoplasmatales|Mycoplasmataceae|Mycoplasma|Mycoplasma capricolum|Mycoplasma capricolum capripneumoniae,
137,,Mycoplasma gallisepticum,36483,36507,12.21,2,,,,Exact,0,"Mycoplasma gallisepticum Edward & Kanarek, 1960",Mycoplasma gallisepticum,44XFM,1,Catalogue of Life,Biota|Bacteria|Posibacteria|Tenericutes|Mycoplasmatales|Mycoplasmataceae|Mycoplasma|Mycoplasma gallisepticum,
138,,Myxococcus xanthus,37820,37838,6.63,2,,,,Exact,0,"Myxococcus xanthus Beebe, 1941",Myxococcus xanthus,7456V,1,Catalogue of Life,Biota|Bacteria|Negibacteria|Proteobacteria|Deltaproteobacteria|Myxococcales|Cystobacterineae|Myxococcaceae|Myxococcus|Myxococcus xanthus,
139,,Neisseria lactamica,37839,37858,12.66,2,,,,Exact,0,"Neisseria lactamica Hollis et al., 1969",Neisseria lactamica,4655P,1,Catalogue of Life,Biota|Bacteria|Negibacteria|Proteobacteria|Betaproteobacteria|Neisseriales|Neisseriaceae|Neisseria|Neisseria lactamica,
140,,Neisseria perflava,37859,37877,11.05,2,,,,Exact,0,"Neisseria perflava Bergey et al., 1923",Neisseria perflava,6RVKY,1,Catalogue of Life,Biota|Bacteria|Negibacteria|Proteobacteria|Betaproteobacteria|Neisseriales|Neisseriaceae|Neisseria|Neisseria perflava,
141,,Nephroma helveticum,38100,38119,12.59,2,,,,Exact,0,Nephroma helveticum Ach.,Nephroma helveticum,4725H,1,Catalogue of Life,Biota|Fungi|Ascomycota|Lecanoromycetes|Peltigerales|Nephromataceae|Nephroma|Nephroma helveticum,
142,,Nephroma parile,38190,38205,10.05,2,,,,Exact,0,Nephroma parile (Ach.) Ach.,Nephroma parile,4725M,1,Catalogue of Life,Biota|Fungi|Ascomycota|Lecanoromycetes|Peltigerales|Nephromataceae|Nephroma|Nephroma parile,
143,,Nitrobacter alkalicus,47122,47143,10.37,2,,,,Exact,0,"Nitrobacter alkalicus Sorokin et al., 1999",Nitrobacter alkalicus,47JW7,1,Catalogue of Life,Biota|Bacteria|Negibacteria|Proteobacteria|Alphaproteobacteria|Rhizobiales|Bradyrhizobiaceae|Nitrobacter|Nitrobacter alkalicus,
144,,Nitrobacter hamburgensis,47144,47168,9.69,2,,,,Exact,0,"Nitrobacter hamburgensis Bock et al., 2001",Nitrobacter hamburgensis,47JW8,1,Catalogue of Life,Biota|Bacteria|Negibacteria|Proteobacteria|Alphaproteobacteria|Rhizobiales|Bradyrhizobiaceae|Nitrobacter|Nitrobacter hamburgensis,
145,,Nitrobacter winogradskyi,47169,47193,9.28,2,,,,Exact,0,"Nitrobacter winogradskyi Winslow et al., 1917",Nitrobacter winogradskyi,6RYSP,1,Catalogue of Life,Biota|Bacteria|Negibacteria|Proteobacteria|Alphaproteobacteria|Rhizobiales|Bradyrhizobiaceae|Nitrobacter|Nitrobacter winogradskyi,
146,,Nitrosomonas communis,37878,37899,11.88,2,,,,Exact,0,"Nitrosomonas communis Koops et al., 2001",Nitrosomonas communis,47JXS,1,Catalogue of Life,Biota|Bacteria|Negibacteria|Proteobacteria|Betaproteobacteria|Nitrosomonadales|Nitrosomonadaceae|Nitrosomonas|Nitrosomonas communis,
147,,Nitrospira,37900,37910,4.81,1,,,,Exact,0,"Nitrospira Garrity & Holt, 2001",Nitrospira,622BQ,1,Catalogue of Life,Biota|Bacteria|Negibacteria|Nitrospira,
148,,Nitrospira defluvii,35630,35649,10.73,2,,,,Exact,0,Nitrospira defluvii,Nitrospira defluvii,934591,179,Open Tree of Life,||Bacteria|Nitrospirae|Nitrospira|Nitrospirales|Nitrospiraceae|Nitrospira|Nitrospira defluvii,
149,,Nitrospira moscoviensis,37936,37959,11.64,2,,,,Exact,0,"Nitrospira moscoviensis Ehrich et al., 2001",Nitrospira moscoviensis,47JY7,1,Catalogue of Life,Biota|Bacteria|Negibacteria|Nitrospira|Nitrospira|Nitrospirales|Nitrospiraceae|Nitrospira|Nitrospira moscoviensis,
150,,Ochrobactrum anthropi,47194,47215,11.48,2,,,,Exact,0,"Ochrobactrum anthropi Holmes et al., 1988",Ochrobactrum anthropi,48DS4,1,Catalogue of Life,Biota|Bacteria|Negibacteria|Proteobacteria|Alphaproteobacteria|Rhizobiales|Brucellaceae|Ochrobactrum|Ochrobactrum anthropi,
151,,Oligotropha carboxidovorans,47226,47253,11.48,2,,,,Exact,0,Oligotropha carboxidovorans,Oligotropha carboxidovorans,9691924,11,GBIF Backbone Taxonomy,Bacteria|Proteobacteria|Alphaproteobacteria|Rhizobiales|Bradyrhizobiaceae|Oligotropha|Oligotropha carboxidovorans,
152,,Oryza sativa,38625,38637,9.06,2,,,,Exact,0,Oryza sativa L.,Oryza sativa,6SZF3,1,Catalogue of Life,Biota|Plantae|Tracheophyta|Liliopsida|Poales|Poaceae|Oryza|Oryza sativa,
153,,Oxalobacter formigenes,38357,38379,7.93,2,,,,Exact,0,"Oxalobacter formigenes Allison et al., 1985",Oxalobacter formigenes,4BBQH,1,Catalogue of Life,Biota|Bacteria|Negibacteria|Proteobacteria|Betaproteobacteria|Burkholderiales|Oxalobacteraceae|Oxalobacter|Oxalobacter formigenes,
154,,P. phyllidiosa,22391,22405,7.69,2,,,,NoMatch,,,,,,,,
155,,Paenibacillus,38435,38448,5.86,1,,,,Exact,0,"Paenibacillus Ash, Priest & Collins, 1994",Paenibacillus,urn:lsid:marinespecies.org:taxname:564757,9,WoRMS,Biota|Bacteria|Firmicutes|Bacili|Bacillales|Paenibacillaceae|Paenibacillus,
156,,Paenibacillus apiarius,38380,38402,13.07,2,,,,Exact,0,Paenibacillus apiarius,Paenibacillus apiarius,975861,12,EOL,,
157,,Paenibacillus naphthalenovorans,38403,38434,12.77,2,,,,Exact,0,"Paenibacillus naphthalenovorans Daane et al., 2002",Paenibacillus naphthalenovorans,4BY6N,1,Catalogue of Life,Biota|Bacteria|Posibacteria|Firmicutes|Bacilli|Bacillales|Paenibacillaceae|Paenibacillus|Paenibacillus naphthalenovorans,
158,,Parmeliaceae,32921,32933,4.55,1,,,,Exact,0,Parmeliaceae,Parmeliaceae,626CB,1,Catalogue of Life,Biota|Fungi|Ascomycota|Lecanoromycetes|Lecanorales|Parmeliaceae,
159,,Parmeliella triptophylla,38231,38255,12.96,2,,,,Exact,0,Parmeliella triptophylla (Ach.) Müll. Arg.,Parmeliella triptophylla,191461,3,ITIS,Fungi|Dikarya|Ascomycota|Pezizomycotina|Lecanoromycetes|Lecanoromycetidae|Peltigerales|Pannariaceae|Parmeliella|Parmeliella triptophylla,
160,,Parmotrema perforatum,9382,9403,13.02,2,,,,Exact,0,Parmotrema perforatum (Jacq.) A. Massal.,Parmotrema perforatum,4DPYD,1,Catalogue of Life,Biota|Fungi|Ascomycota|Lecanoromycetes|Lecanorales|Parmeliaceae|Parmotrema|Parmotrema perforatum,
161,,Parvularcula bermudensis,38457,38481,12.72,2,,,,Exact,0,"Parvularcula bermudensis Cho & Giovannoni, 2003",Parvularcula bermudensis,764HV,1,Catalogue of Life,Biota|Bacteria|Negibacteria|Proteobacteria|Alphaproteobacteria|Parvularculales|Parvularculaceae|Parvularcula|Parvularcula bermudensis,
162,,Pedomicrobium australicum,47254,47279,13.33,2,,,,Exact,0,"Pedomicrobium australicum Gebers & Beese, 1988",Pedomicrobium australicum,75XT6,1,Catalogue of Life,Biota|Bacteria|Negibacteria|Proteobacteria|Alphaproteobacteria|Rhizobiales|Hyphomicrobiaceae|Pedomicrobium|Pedomicrobium australicum,
163,,Peltigera collina,38281,38298,12.79,2,,,,Exact,0,Peltigera collina (Ach.) Schrad.,Peltigera collina,76F8Z,1,Catalogue of Life,Biota|Fungi|Ascomycota|Lecanoromycetes|Peltigerales|Peltigeraceae|Peltigera|Peltigera collina,
164,,Peltigera phyllidiosa,9422,9443,13.69,2,,,,Exact,0,Peltigera phyllidiosa Goffinet & Miądl. 1999,Peltigera phyllidiosa,459687,5,Index Fungorum,Fungi|Ascomycota|Lecanoromycetes|Peltigerales|Peltigeraceae|Peltigera phyllidiosa,
165,,Peltigera pruinosa,38324,38342,13.28,2,,,,Exact,0,Peltigera pruinosa (Gyeln.) Inumaru 1943,Peltigera pruinosa,368956,5,Index Fungorum,Fungi|Ascomycota|Lecanoromycetes|Peltigerales|Peltigeraceae|Peltigera pruinosa,
166,,Peltigerales,2585,2597,2.78,1,,,,Exact,0,Peltigerales,Peltigerales,3S4,1,Catalogue of Life,Biota|Fungi|Ascomycota|Lecanoromycetes|Peltigerales,
167,,Phascolarctobacterium faecium,38482,38511,12.60,2,,,,Exact,0,"Phascolarctobacterium faecium Del Dot et al., 1994",Phascolarctobacterium faecium,4FVN9,1,Catalogue of Life,Biota|Bacteria|Posibacteria|Firmicutes|Negativicutes|Selenomonadales|Acidaminococcaceae|Phascolarctobacterium|Phascolarctobacterium faecium,
168,,Phyllobacterium myrsinacearum,47292,47321,14.01,2,,,,Exact,0,"Phyllobacterium myrsinacearum Knösel, 1984 emend. Mergaert et al., 2002",Phyllobacterium myrsinacearum,964855,3,ITIS,Bacteria|Negibacteria|Proteobacteria|Alphaproteobacteria|Rhizobiales|Phyllobacteriaceae|Phyllobacterium|Phyllobacterium myrsinacearum,
169,,Prosthecomicrobium pneumaticum,47322,47352,13.24,2,,,,Exact,0,"Prosthecomicrobium pneumaticum Staley, 1968",Prosthecomicrobium pneumaticum,4MYLZ,1,Catalogue of Life,Biota|Bacteria|Negibacteria|Proteobacteria|Alphaproteobacteria|Rhizobiales|Hyphomicrobiaceae|Prosthecomicrobium|Prosthecomicrobium pneumaticum,
170,,Proteobacteria,22041,22056,4.60,1,,,,Exact,0,"Proteobacteria Garrity et al., 2005",Proteobacteria,5W,1,Catalogue of Life,Biota|Bacteria|Negibacteria|Proteobacteria,
171,,Pseudomonas,38751,38762,4.28,1,,,,Exact,0,"Pseudomonas Migula, 1894",Pseudomonas,72PM,1,Catalogue of Life,Biota|Bacteria|Negibacteria|Proteobacteria|Gammaproteobacteria|Pseudomonadales|Pseudomonadaceae|Pseudomonas,
172,,Pseudomonas carboxydohydrogena,47362,47392,11.93,2,,,,Exact,0,Pseudomonas carboxydohydrogena,Pseudomonas carboxydohydrogena,134179,2,Wikispecies,,
173,,Pseudomonas chlororaphis,38726,38750,8.13,2,,,,Exact,0,"Pseudomonas chlororaphis (Guignard and Sauvageau, 1894) Bergey et al., 1930 emend. Peix et al., 2007",Pseudomonas chlororaphis,958614,3,ITIS,Bacteria|Negibacteria|Proteobacteria|Gammaproteobacteria|Pseudomonadales|Pseudomonadaceae|Pseudomonas|Pseudomonas chlororaphis,
174,,Punctelia rudecta,23063,23082,12.55,2,,,,Exact,0,Punctelia rudecta (Ach.) Krog,Punctelia rudecta,4QHNV,1,Catalogue of Life,Biota|Fungi|Ascomycota|Lecanoromycetes|Lecanorales|Parmeliaceae|Punctelia|Punctelia rudecta,
175,,Rhizobiales,199,210,2.57,1,,,,Exact,0,"Rhizobiales Kuykendall, 2006",Rhizobiales,6236Y,1,Catalogue of Life,Biota|Bacteria|Negibacteria|Proteobacteria|Alphaproteobacteria|Rhizobiales,
176,,Rhizobiales bacteria,8485,8506,5.87,2,,,,PartialExact,0,"Rhizobiales Kuykendall, 2006",Rhizobiales,6236Y,1,Catalogue of Life,Biota|Bacteria|Negibacteria|Proteobacteria|Alphaproteobacteria|Rhizobiales,
177,,Rhizobium leguminosarum,38780,38803,12.92,2,,,,Exact,0,"Rhizobium leguminosarum (Frank, 1879) Frank, 1889 emend. Ramírez-Bahena et al., 2008",Rhizobium leguminosarum,965531,3,ITIS,Bacteria|Negibacteria|Proteobacteria|Alphaproteobacteria|Rhizobiales|Rhizobiaceae|Rhizobium|Rhizobium leguminosarum,
178,,Rhizobium undicola,38825,38843,12.35,2,,,,Exact,0,"Rhizobium undicola (de Lajudie et al., 1998) Young et al., 2001",Rhizobium undicola,4SC28,1,Catalogue of Life,Biota|Bacteria|Negibacteria|Proteobacteria|Alphaproteobacteria|Rhizobiales|Rhizobiaceae|Rhizobium|Rhizobium undicola,
179,,Rhodoblastus acidophilus,47417,47441,13.45,2,,,,Exact,0,"Rhodoblastus acidophilus (Pfennig, 1969) Imhoff, 2001",Rhodoblastus acidophilus,6X725,1,Catalogue of Life,Biota|Bacteria|Negibacteria|Proteobacteria|Alphaproteobacteria|Rhizobiales|Bradyrhizobiaceae|Rhodoblastus|Rhodoblastus acidophilus,
180,,Rhodomicrobium vannielii,47442,47466,12.90,2,,,,Exact,0,"Rhodomicrobium vannielii Duchow & Douglas, 1949",Rhodomicrobium vannielii,4SHCB,1,Catalogue of Life,Biota|Bacteria|Negibacteria|Proteobacteria|Alphaproteobacteria|Rhizobiales|Hyphomicrobiaceae|Rhodomicrobium|Rhodomicrobium vannielii,
181,,Rhodoplanes elegans,47472,47491,9.21,2,,,,Exact,0,"Rhodoplanes elegans Hiraishi & Ueda, 1994",Rhodoplanes elegans,4SJCN,1,Catalogue of Life,Biota|Bacteria|Negibacteria|Proteobacteria|Alphaproteobacteria|Rhizobiales|Hyphomicrobiaceae|Rhodoplanes|Rhodoplanes elegans,
182,,Rhodoplanes roseus,47492,47510,10.24,2,,,,Exact,0,"Rhodoplanes roseus (Janssen & Harfoot, 1991) Hiraishi & Ueda, 1994",Rhodoplanes roseus,4SJCQ,1,Catalogue of Life,Biota|Bacteria|Negibacteria|Proteobacteria|Alphaproteobacteria|Rhizobiales|Hyphomicrobiaceae|Rhodoplanes|Rhodoplanes roseus,
183,,Rhodopseudomonas palustris,47511,47537,12.36,2,,,,Exact,0,"Rhodopseudomonas palustris (Molisch, 1907) van Niel, 1944",Rhodopseudomonas palustris,4SJDN,1,Catalogue of Life,Biota|Bacteria|Negibacteria|Proteobacteria|Alphaproteobacteria|Rhizobiales|Bradyrhizobiaceae|Rhodopseudomonas|Rhodopseudomonas palustris,
184,,Rhodospirillales,22074,22090,3.07,1,,,,Exact,0,"Rhodospirillales Pfennig & Trüper, 1971",Rhodospirillales,3YR,1,Catalogue of Life,Biota|Bacteria|Negibacteria|Proteobacteria|Alphaproteobacteria|Rhodospirillales,
185,,Rickettsia sibirica,38844,38863,10.95,2,,,,Exact,0,"Rickettsia sibirica Zdrodovskii, 1948",Rickettsia sibirica,4T2DS,1,Catalogue of Life,Biota|Bacteria|Negibacteria|Proteobacteria|Alphaproteobacteria|Rickettsiales|Rickettsiaceae|Rickettsia|Rickettsia sibirica,
186,,Rubrobacter taiwanensis,38864,38887,9.84,2,,,,Exact,0,"Rubrobacter taiwanensis Chen et al., 2004",Rubrobacter taiwanensis,4TJ8W,1,Catalogue of Life,Biota|Bacteria|Posibacteria|Actinobacteria|Rubrobacteridae|Rubrobacterales|Rubrobacterineae|Rubrobacteraceae|Rubrobacter|Rubrobacter taiwanensis,
187,,Sinorhizobium meliloti,47538,47560,11.48,2,,,,Exact,0,"Sinorhizobium meliloti (Dangeard, 1926) De Lajudie et al., 1994",Sinorhizobium meliloti,4XLTZ,1,Catalogue of Life,Biota|Bacteria|Negibacteria|Proteobacteria|Alphaproteobacteria|Rhizobiales|Rhizobiaceae|Ensifer|Ensifer meliloti,
188,,Sphingobacterium spiritivorum,38888,38917,13.67,2,,,,Exact,0,"Sphingobacterium spiritivorum (Holmes et al., 1982) Yabuuchi et al., 1983",Sphingobacterium spiritivorum,4YZK8,1,Catalogue of Life,Biota|Bacteria|Negibacteria|Bacteroidetes|Sphingobacteriia|Sphingobacteriales|Sphingobacteriaceae|Sphingobacterium|Sphingobacterium spiritivorum,
189,,Sphingomonas,38961,38973,4.49,1,,,,Exact,0,"Sphingomonas Yabuuchi et al., 1990",Sphingomonas,urn:lsid:irmng.org:taxname:1024008,181,IRMNG,Biota|Bacteria|Proteobacteria|Alphaproteobacteria|Sphingomonadales|Sphingomonadaceae|Sphingomonas,
190,,Sphingomonas echinoides,38918,38941,11.47,2,,,,Exact,0,"Sphingomonas echinoides (Heumann, 1962) Denner et al., 1999",Sphingomonas echinoides,6YYL4,1,Catalogue of Life,Biota|Bacteria|Negibacteria|Proteobacteria|Alphaproteobacteria|Sphingomonadales|Sphingomonadaceae|Sphingomonas|Sphingomonas echinoides,
191,,Sphingomonas pruni,38942,38960,9.59,2,,,,Exact,0,"Sphingomonas pruni Takeuchi et al., 1995",Sphingomonas pruni,4YZNS,1,Catalogue of Life,Biota|Bacteria|Negibacteria|Proteobacteria|Alphaproteobacteria|Sphingomonadales|Sphingomonadaceae|Sphingomonas|Sphingomonas pruni,
192,,Spirochaeta africana,38983,39003,12.54,2,,,,Exact,0,"Spirochaeta africana Zhilina et al., 1996",Spirochaeta africana,4Z7TH,1,Catalogue of Life,Biota|Bacteria|Negibacteria|Spirochaetae|Spirochaetes|Spirochaetales|Spirochaetaceae|Spirochaeta|Spirochaeta africana,
193,,Staphylococcus succinus,39004,39027,11.99,2,,,,Exact,0,"Staphylococcus succinus Lambert et al., 1998",Staphylococcus succinus,4ZKJN,1,Catalogue of Life,Biota|Bacteria|Posibacteria|Firmicutes|Bacilli|Bacillales|Staphylococcaceae|Staphylococcus|Staphylococcus succinus,
194,,Starkeya novella,47566,47582,7.43,2,,,,Exact,0,"Starkeya novella (Starkey, 1934) Kelly et al., 2000",Starkeya novella,4ZKQC,1,Catalogue of Life,Biota|Bacteria|Negibacteria|Proteobacteria|Alphaproteobacteria|Rhizobiales|Xanthobacteraceae|Starkeya|Starkeya novella,
195,,Stenotrophomonas maltophilia,39028,39056,12.61,2,,,,Exact,0,"Stenotrophomonas maltophilia (Hugh, 1981) Palleroni & Bradbury, 1993",Stenotrophomonas maltophilia,6ZN29,1,Catalogue of Life,Biota|Bacteria|Negibacteria|Proteobacteria|Gammaproteobacteria|Xanthomonadales|Xanthomonadaceae|Stenotrophomonas|Stenotrophomonas maltophilia,
196,,Streptococcus uberis,39092,39112,11.54,2,,,,Exact,0,"Streptococcus uberis Diernhofer, 1932",Streptococcus uberis,52Y57,1,Catalogue of Life,Biota|Bacteria|Posibacteria|Firmicutes|Bacilli|Lactobacillales|Streptococcaceae|Streptococcus|Streptococcus uberis,
197,,Streptomyces,39162,39174,3.97,1,,,,Exact,0,"Streptomyces Waksman & Henrici, 1943",Streptomyces,7P7F,1,Catalogue of Life,Biota|Bacteria|Posibacteria|Actinobacteria|Actinobacteridae|Actinomycetales|Streptomycineae|Streptomycetaceae|Streptomyces,
198,,Streptomyces griseoruber,39113,39137,9.70,2,,,,Exact,0,"Streptomyces griseoruber Yamaguchi & Saburi, 1955",Streptomyces griseoruber,52YFZ,1,Catalogue of Life,Biota|Bacteria|Posibacteria|Actinobacteria|Actinobacteridae|Actinomycetales|Streptomycineae|Streptomycetaceae|Streptomyces|Streptomyces griseoruber,
199,,Streptomyces lavendulae,39138,39161,10.69,2,,,,Exact,0,"Streptomyces lavendulae (Waksman & Curtis, 1916) Waksman & Henrici, 1948",Streptomyces lavendulae,52YHT,1,Catalogue of Life,Biota|Bacteria|Posibacteria|Actinobacteria|Actinobacteridae|Actinomycetales|Streptomycineae|Streptomycetaceae|Streptomyces|Streptomyces lavendulae,
200,,Thermodesulfobacteriaceae,40553,40578,3.84,1,,,,Exact,0,"Thermodesulfobacteriaceae Hatchikian et al., 2002",Thermodesulfobacteriaceae,H6X,1,Catalogue of Life,Biota|Bacteria|Negibacteria|Thermodesulfobacteria|Thermodesulfobacteria|Thermodesulfobacteriales|Thermodesulfobacteriaceae,
201,,Thermodesulfobacterium,40600,40622,4.99,1,,,,Exact,0,"Thermodesulfobacterium Zeikus, Dawson, Thompson, Ingvorsen & Hatchikian, 1983",Thermodesulfobacterium,urn:lsid:marinespecies.org:taxname:567376,9,WoRMS,Biota|Bacteria|Thermodesulfobacteria|Thermodesulfobacteria|Thermodesulfobacteriales|Thermodesulfobacteriaceae|Thermodesulfobacterium,
202,,Thermodesulfobacterium commune,39207,39237,7.12,2,,,,Exact,0,"Thermodesulfobacterium commune Zeikus et al., 1995",Thermodesulfobacterium commune,7C8TR,1,Catalogue of Life,Biota|Bacteria|Negibacteria|Thermodesulfobacteria|Thermodesulfobacteria|Thermodesulfobacteriales|Thermodesulfobacteriaceae|Thermodesulfobacterium|Thermodesulfobacterium commune,
203,,Topo,13443,13447,1.47,1,,,,Exact,0,"Topo Exline, 1950",Topo,urn:lsid:irmng.org:taxname:1393595,181,IRMNG,Biota|Animalia|Arthropoda|Chelicerata|Arachnida|Araneae|Theridiidae|Thwaitesia,
204,,Trebouxia,38649,38658,4.56,1,,,,Exact,0,"Trebouxia Puymaly, 1924",Trebouxia,7YN7,1,Catalogue of Life,Biota|Plantae|Chlorophyta|Chlorophytina|Trebouxiophyceae|Trebouxiales|Trebouxiaceae|Trebouxia,
205,,Umbilicaria cylindrica,23451,23473,12.52,2,,,,Exact,0,Umbilicaria cylindrica (L.) Delise,Umbilicaria cylindrica,7DGRY,1,Catalogue of Life,Biota|Fungi|Ascomycota|Lecanoromycetes|Umbilicariales|Umbilicariaceae|Umbilicaria|Umbilicaria cylindrica|Umbilicaria cylindrica cylindrica,
206,,Umbilicaria mammulata,9639,9660,12.91,2,,,,Exact,0,Umbilicaria mammulata (Ach.) Tuck. 1848,Umbilicaria mammulata,408129,5,Index Fungorum,Fungi|Ascomycota|Lecanoromycetes|Umbilicariales|Umbilicariaceae|Umbilicaria mammulata,
207,,Umbilicariaceae,32938,32955,5.05,1,,,,Exact,0,Umbilicariaceae,Umbilicariaceae,HNS,1,Catalogue of Life,Biota|Fungi|Ascomycota|Lecanoromycetes|Umbilicariales|Umbilicariaceae,
208,,Vibrio fischeri,40627,40642,10.73,2,,,,Exact,0,"Vibrio fischeri (Beijerinck, 1889) Lehmann & Neumann, 1896",Vibrio fischeri,7G32Y,1,Catalogue of Life,Biota|Bacteria|Negibacteria|Proteobacteria|Gammaproteobacteria|Vibrionales|Vibrionaceae|Aliivibrio|Aliivibrio fischeri,
209,,Xanthobacter agilis,47959,47978,10.45,2,,,,Exact,0,"Xanthobacter agilis Jenni & Aragno, 1988",Xanthobacter agilis,5C53L,1,Catalogue of Life,Biota|Bacteria|Negibacteria|Proteobacteria|Alphaproteobacteria|Rhizobiales|Xanthobacteraceae|Xanthobacter|Xanthobacter agilis,
210,,Xanthobacter autotrophicus,47979,48005,10.82,2,,,,Exact,0,"Xanthobacter autotrophicus (Baumgarten et al., 1974) Wiegel et al., 1978",Xanthobacter autotrophicus,5C53N,1,Catalogue of Life,Biota|Bacteria|Negibacteria|Proteobacteria|Alphaproteobacteria|Rhizobiales|Xanthobacteraceae|Xanthobacter|Xanthobacter autotrophicus,
211,,Xanthobacter tagetidis,48006,48028,10.15,2,,,,Exact,0,"Xanthobacter tagetidis Padden et al., 1997",Xanthobacter tagetidis,5C53Q,1,Catalogue of Life,Biota|Bacteria|Negibacteria|Proteobacteria|Alphaproteobacteria|Rhizobiales|Xanthobacteraceae|Xanthobacter|Xanthobacter tagetidis,
212,,Xanthomonas axonopodis pv. citri,40643,40675,17.96,3,,,,Exact,0,Xanthomonas axonopodis pv. citri,Xanthomonas axonopodis citri,102527667,169,uBio NameBank,|Xanthomonas axonopodis,
213,,Xanthomonas campestris,40685,40707,11.65,2,,,,Exact,0,"Xanthomonas campestris (Pammel, 1895) Dowson, 1939",Xanthomonas campestris,urn:lsid:marinespecies.org:taxname:1501487,9,WoRMS,Biota|Bacteria|Proteobacteria|Gammaproteobacteria|Xanthomonadales|Xanthomonadaceae|Xanthomonas|Xanthomonas campestris,
214,,Xanthomonas hortorum,40708,40728,11.41,2,,,,Exact,0,"Xanthomonas hortorum Vauterin et al., 1995",Xanthomonas hortorum,5C6FD,1,Catalogue of Life,Biota|Bacteria|Negibacteria|Proteobacteria|Gammaproteobacteria|Xanthomonadales|Xanthomonadaceae|Xanthomonas|Xanthomonas hortorum,
215,,Zea mays,38717,38725,2.40,2,,,,Exact,0,Zea mays L.,Zea mays,5CXX5,1,Catalogue of Life,Biota|Plantae|Tracheophyta|Liliopsida|Poales|Poaceae|Zea|Zea mays,
